Word	Frequency	Posting list
ii	14	[165, 169, 218, 319, 326, 559, 644, 961, 962, 1197, 1387, 1553, 1566, 1990]
pieces	1	[1114]
birth	1	[1467]
garcia	1	[289]
adams	1	[59]
sunset	3	[66, 204, 1383]
phantom	2	[1703, 1704]
time	7	[772, 898, 1068, 1069, 1070, 1841, 1842]
chocolate	1	[1961]
ice	1	[756]
brides	1	[1269]
translation	1	[905]
proposal	1	[774]
rashomon	1	[1163]
ranch	1	[959]
flashdance	1	[593]
triad	1	[1288]
meshes	1	[964]
hunchback	1	[1598]
stone	2	[693, 1202]
know	3	[750, 751, 754]
innocent	1	[1992]
fitzcarraldo	1	[589]
cobra	1	[393]
master	1	[1662]
crossing	2	[425, 970]
pandoras	1	[1089]
glen	1	[647]
here	5	[142, 626, 715, 716, 788]
devils	1	[471]
northwest	1	[1048]
mail	1	[1993]
rock	8	[170, 419, 796, 1195, 1251, 1550, 1733, 1959]
big	16	[222, 224, 225, 226, 227, 228, 229, 1013, 1102, 1115, 1458, 1459, 1460, 1461, 1463, 1464]
leopold	1	[821]
search	1	[1742]
antz	1	[139]
rae	1	[1047]
1920	1	[1658]
kikujiro	1	[825]
other	2	[1691, 1692]
national	2	[1028, 1029]
drama	1	[407]
dr	7	[506, 507, 508, 509, 510, 1425, 1490]
becky	1	[197]
abbott	1	[53]
beethoven	1	[199]
roxy	1	[1935]
belleville	1	[1789]
raven	1	[1723]
country	2	[1181, 1459]
cyclo	1	[430]
indiana	1	[776]
freaks	2	[536, 614]
foul	1	[607]
reign	1	[1174]
wanda	1	[27]
11	2	[566, 1058]
sucker	1	[520]
1999	5	[155, 651, 740, 1675, 1833]
searchers	1	[1743]
treasure	2	[1029, 1876]
afternoon	2	[964, 1226]
touch	1	[1869]
else	1	[141]
bringing	1	[290]
machines	1	[1829]
november	1	[1398]
experiment	2	[441, 1705]
rounders	1	[1209]
motorcycle	1	[1672]
1966	4	[184, 668, 773, 836]
shawshank	1	[1747]
safety	1	[1229]
body	2	[257, 781]
swimfan	1	[1400]
numbers	1	[517]
bill	3	[230, 826, 827]
happened	2	[788, 789]
powaqqatsi	1	[1129]
weird	1	[1934]
skulls	1	[1755]
eternal	1	[554]
call	2	[323, 1821]
dangerous	1	[406]
incident	1	[1455]
twister	1	[1890]
malcolm	1	[930]
could	1	[1945]
cant	1	[327]
style	2	[487, 1955]
walking	1	[1925]
phibes	1	[1425]
easter	1	[529]
gone	1	[657]
little	8	[229, 437, 573, 891, 892, 893, 894, 1634]
player	1	[1708]
lyndon	1	[181]
meeting	1	[958]
hud	1	[744]
punch	1	[1143]
frantic	1	[613]
enigma	1	[1534]
apollo	1	[143]
mazes	1	[950]
elmos	1	[1352]
twelve	2	[1059, 1886]
apartment	1	[1439]
talking	2	[900, 901]
mission	2	[860, 1669]
77	1	[77]
waterfront	1	[1067]
open	2	[1078, 1079]
snow	1	[1322]
shine	1	[1293]
emperors	1	[1532]
mark	2	[1658, 1659]
speed	1	[1342]
hat	1	[1861]
jeremiah	1	[801]
les	1	[875]
your	3	[334, 1079, 1151]
airheads	1	[74]
art	1	[1057]
fail	1	[567]
shakespeare	1	[1280]
hours	1	[610]
2003	9	[366, 539, 731, 983, 1094, 1108, 1599, 1729, 1902]
cause	1	[1170]
shoes	2	[1725, 1748]
center	1	[811]
caine	1	[1492]
mughal	1	[1005]
records	1	[542]
opus	1	[1002]
mice	1	[1061]
lost	11	[98, 902, 903, 904, 905, 912, 1156, 1500, 1641, 1642, 1643]
law	1	[56]
vietnam	1	[661]
bullitt	1	[309]
shallow	2	[1281, 1282]
italian	2	[487, 1610]
naughty	1	[1031]
business	2	[1186, 1946]
buddy	1	[1487]
manxman	1	[1657]
prisoner	1	[694]
saving	1	[1240]
smith	1	[1003]
away	4	[279, 597, 1348, 1946]
punctured	1	[1840]
flirting	2	[594, 595]
x2	1	[1978]
poppins	1	[945]
hell	1	[1369]
kong	3	[833, 834, 835]
velvet	1	[1911]
ninth	2	[1683, 1684]
for	19	[126, 191, 266, 444, 534, 600, 601, 602, 856, 915, 941, 1084, 1120, 1151, 1257, 1269, 1906, 1921, 1973]
dynamite	1	[1026]
audition	1	[155]
dolittle	2	[489, 506]
children	2	[371, 1500]
fourteen	1	[610]
woods	1	[1969]
kameradschaft	1	[818]
pumpkinhead	1	[1142]
friends	2	[1012, 1109]
beetlejuice	1	[202]
gods	1	[1568]
saints	1	[1477]
suspiria	1	[1393]
race	4	[455, 1151, 1164, 1580]
science	1	[1934]
essex	1	[1716]
arm	1	[1654]
strike	1	[800]
bandini	1	[179]
gives	1	[765]
absence	1	[57]
1927	1	[368]
octopussy	1	[1060]
hope	1	[737]
sinbad	1	[1424]
broken	2	[294, 295]
1970	2	[76, 1032]
17	1	[1355]
wait	2	[327, 704]
manchu	1	[1660]
affliction	1	[64]
pom	1	[1125]
brown	3	[794, 1151, 1486]
kill	7	[274, 572, 686, 826, 827, 828, 882]
mutiny	1	[1492]
strictly	1	[1375]
prince	4	[691, 1136, 1711, 1712]
graduate	1	[1576]
reservoir	1	[1177]
hills	2	[217, 218]
opera	3	[40, 1703, 1704]
robbery	1	[1581]
which	1	[765]
nikita	1	[1039]
night	9	[40, 41, 54, 228, 269, 444, 623, 789, 1237]
ravenous	1	[1165]
maguire	1	[802]
bruce	1	[299]
original	1	[1083]
dancing	1	[481]
manchurian	1	[1655]
does	1	[992]
free	1	[617]
tabu	1	[1406]
ballou	1	[341]
times	1	[979]
wag	1	[1920]
peters	1	[1109]
monk	1	[307]
vegas	3	[870, 1550, 1917]
connie	1	[409]
down	5	[235, 503, 504, 583, 1728]
doll	1	[163]
juliet	2	[1203, 1205]
close	1	[389]
mystic	1	[1022]
creole	1	[832]
outbreak	1	[1087]
disney	1	[78]
anarchists	1	[121]
ticker	1	[1838]
4th	1	[201]
innerspace	1	[779]
sea	3	[219, 787, 1741]
scary	1	[1248]
cowboy	1	[518]
fisherman	1	[1748]
breaking	1	[279]
hole	2	[1471, 1593]
vs	4	[89, 616, 835, 843]
with	12	[130, 435, 478, 595, 879, 911, 1182, 1628, 1654, 1790, 1944, 1968]
munchausen	1	[1428]
steel	1	[1365]
as	1	[151]
babysitting	1	[63]
worst	1	[1945]
bored	1	[263]
conqueror	2	[1103, 1502]
brigham	1	[284]
stop	1	[312]
shrooms	1	[1303]
diaboliques	1	[875]
splendored	1	[907]
yojimbo	1	[1982]
sabotage	1	[1228]
d	1	[431]
cut	1	[1135]
boys	9	[168, 169, 268, 269, 270, 602, 1481, 1538, 1641]
tommy	1	[1857]
indochine	1	[777]
1961	1	[1696]
jason	1	[616]
hawaii	1	[252]
godfathers	1	[1852]
delancey	1	[425]
tough	1	[1263]
amadeus	1	[104]
birds	2	[601, 1466]
white	7	[234, 688, 1322, 1582, 1653, 1949, 1950]
tv	2	[1054, 1480]
goofy	2	[29, 119]
10th	1	[1420]
gangs	1	[633]
crazy	2	[675, 1568]
1940	3	[1118, 1659, 1741]
black	12	[170, 234, 235, 236, 237, 420, 953, 960, 961, 1470, 1471, 1472]
dazed	1	[449]
haine	1	[850]
now	1	[1053]
1954	1	[653]
kwai	1	[1484]
singer	1	[1800]
unforgiven	1	[1903]
condor	1	[1832]
moscow	2	[992, 993]
60	1	[657]
toy	3	[1786, 1870, 1871]
claudet	1	[1752]
zombi	1	[1995]
pinocchio	2	[1118, 1432]
fistful	1	[28]
de	1	[450]
dies	1	[1858]
queen	3	[407, 946, 1436]
until	1	[1904]
set	1	[466]
reversal	1	[1180]
thousand	1	[134]
mouse	1	[1579]
xxx	2	[237, 1979]
lavventura	1	[846]
bugs	1	[22]
dozen	2	[366, 1523]
ruthless	1	[1221]
dinosaur	1	[480]
leave	1	[869]
radio	1	[1153]
save	1	[1238]
claus	1	[1235]
park	4	[665, 813, 814, 1952]
serpico	1	[1267]
13th	2	[624, 1421]
grand	4	[30, 667, 668, 1116]
1945	1	[470]
ugly	1	[1572]
grape	1	[1943]
apu	1	[1442]
charm	1	[1524]
fatal	1	[574]
1	2	[826, 1633]
wives	2	[35, 745]
toyland	1	[160]
hollywood	1	[727]
sky	4	[253, 584, 1312, 1909]
perros	1	[115]
sign	1	[1745]
notting	1	[1052]
floating	1	[596]
linvincibile	1	[153]
corner	1	[1749]
boot	1	[440]
do	3	[488, 1419, 1944]
few	1	[600]
gentlemans	1	[636]
casablanca	1	[336]
better	4	[20, 215, 216, 977]
kurtaran	1	[431]
l	1	[847]
starship	1	[1361]
deathtrap	1	[457]
there	1	[208]
cousine	1	[417]
nurse	1	[1056]
burning	1	[976]
youve	1	[1993]
melody	3	[292, 959, 1485]
harry	9	[482, 689, 690, 691, 692, 693, 694, 1790, 1947]
sleepless	1	[1316]
amigos	1	[1831]
club	1	[1483]
river	1	[1484]
woman	7	[37, 52, 154, 717, 1249, 1948, 1975]
aguirre	1	[70]
forrest	1	[606]
thunder	2	[448, 1836]
golden	2	[1654, 1844]
a	61	[20, 21, 22, 24, 25, 26, 27, 28, 29, 30, 32, 33, 34, 35, 37, 38, 39, 40, 41, 42, 43, 45, 46, 48, 49, 51, 52, 120, 371, 406, 407, 456, 478, 498, 600, 717, 748, 766, 790, 847, 856, 907, 928, 1050, 1068, 1069, 1070, 1073, 1170, 1225, 1226, 1249, 1276, 1372, 1467, 1635, 1834, 1845, 1849, 1948, 1971]
starfighter	1	[1624]
safe	1	[567]
married	1	[815]
element	1	[1543]
otis	1	[1431]
gump	1	[606]
pumpkin	1	[1719]
served	1	[1985]
two	7	[897, 1076, 1768, 1891, 1892, 1893, 1894]
gospel	1	[1575]
fiction	1	[1140]
hood	3	[1190, 1191, 1434]
babysitters	1	[499]
luzhin	1	[1646]
from	10	[420, 553, 625, 626, 748, 787, 895, 1418, 1481, 1782]
real	1	[1167]
fish	4	[27, 226, 1095, 1214]
gentlemen	1	[637]
roll	1	[1195]
1996	8	[1, 295, 793, 948, 1402, 1432, 1598, 1890]
bambi	1	[176]
billy	2	[231, 232]
going	3	[4, 655, 751]
capricorn	1	[330]
shanghai	3	[1285, 1287, 1288]
line	2	[48, 770]
against	1	[68]
volume	2	[826, 827]
twilight	1	[1889]
lagaan	1	[858]
threads	1	[1830]
bear	1	[297]
bwana	1	[323]
smell	1	[1399]
hamburger	1	[678]
heroes	1	[823]
equilibrium	1	[549]
marked	1	[941]
pit	1	[1756]
lizzie	1	[1637]
impact	1	[460]
blank	1	[242]
donnie	1	[495]
dark	4	[45, 434, 438, 1515]
trespasser	1	[1788]
any	2	[140, 641]
report	1	[972]
gambler	1	[1559]
zorba	1	[1996]
work	2	[247, 485]
paths	1	[1098]
jay	1	[800]
einstein	1	[1987]
das	2	[440, 441]
more	1	[600]
silver	1	[1308]
face	2	[565, 1539]
hunting	1	[662]
permanent	1	[1510]
domestic	1	[494]
wicker	2	[1803, 1952]
society	3	[452, 721, 962]
hercules	2	[713, 714]
redemption	1	[1747]
costello	1	[53]
stable	1	[399]
shot	2	[45, 1651]
gerry	1	[639]
notice	1	[1894]
brothers	3	[256, 1269, 1892]
philosophers	1	[693]
cool	2	[412, 413]
game	1	[1351]
all	6	[92, 94, 96, 97, 126, 1292]
till	1	[625]
angels	6	[128, 129, 130, 362, 381, 558]
1984	3	[6, 599, 1615]
cape	1	[328]
oharu	1	[1631]
1925	1	[1703]
jaguar	1	[71]
grouchland	1	[1430]
coronets	1	[829]
truly	1	[1884]
man	27	[37, 67, 464, 573, 717, 892, 933, 934, 1050, 1157, 1175, 1345, 1346, 1347, 1418, 1531, 1541, 1602, 1651, 1653, 1654, 1688, 1721, 1783, 1803, 1811, 1948]
breakfast	2	[278, 1483]
none	1	[1046]
warrior	1	[1421]
walker	1	[1924]
field	1	[579]
crowd	1	[1512]
range	1	[730]
joon	1	[214]
joe	3	[804, 953, 1762]
jima	1	[1234]
charley	1	[361]
bamboozled	1	[177]
framed	1	[1951]
m	2	[917, 1008]
96	1	[1054]
1937	2	[903, 1322]
sergeant	1	[1266]
by	5	[366, 517, 1009, 1048, 1358]
traffic	2	[708, 1873]
well	1	[1448]
1953	1	[1107]
zola	1	[1630]
miller	1	[951]
crush	2	[251, 427]
scream	2	[1253, 1254]
1991	4	[196, 576, 760, 1077]
terrestrial	1	[527]
1931	3	[507, 612, 1406]
truman	1	[1791]
1981	2	[150, 631]
fools	2	[598, 1294]
daughter	2	[586, 1222]
nutty	1	[1686]
brazil	2	[276, 1481]
kingdom	2	[838, 1420]
daddy	1	[432]
x	3	[110, 930, 1813]
roy	1	[1189]
rangeela	1	[1162]
hidden	1	[1589]
within	1	[1969]
education	2	[263, 534]
general	1	[1561]
strangers	1	[1372]
chaplin	1	[357]
bad	10	[168, 169, 170, 171, 172, 173, 1447, 1448, 1449, 1572]
zorro	3	[1658, 1659, 1661]
longshot	1	[899]
chronicles	1	[1498]
zulu	2	[1997, 1998]
if	2	[344, 758]
sharp	1	[197]
hotel	1	[667]
syndrome	1	[1497]
jane	1	[629]
fever	3	[317, 812, 1237]
countdown	1	[1544]
ishtar	1	[786]
2002	6	[317, 369, 382, 639, 1478, 1507]
milo	1	[1431]
fahrenheit	1	[566]
top	4	[1208, 1860, 1861, 1862]
moonstruck	1	[989]
rocket	1	[264]
marietta	1	[1031]
faces	1	[130]
miss	1	[515]
mountain	2	[396, 1673]
la	5	[784, 848, 849, 850, 851]
faster	1	[572]
confidential	1	[847]
reef	1	[496]
butterflies	1	[772]
proper	1	[911]
hand	1	[412]
airport	2	[76, 77]
hair	1	[677]
rover	1	[1210]
hunter	2	[1519, 1959]
tokyo	3	[468, 1852, 1853]
files	1	[1813]
wrong	1	[1291]
carry	1	[334]
rainmaker	1	[1722]
caddyshack	2	[318, 319]
101	1	[1]
thief	1	[1849]
destroyer	1	[405]
panic	1	[1090]
gigli	1	[645]
spy	1	[1351]
own	2	[34, 1851]
its	1	[790]
groove	1	[1532]
robinson	1	[1403]
soldiers	1	[1933]
space	4	[904, 1062, 1336, 1337]
1915	1	[1610]
babes	1	[160]
view	1	[1695]
genius	1	[1167]
chasing	1	[365]
1959	2	[811, 1674]
roxbury	1	[41]
is	9	[884, 907, 958, 1018, 1336, 1547, 1812, 1826, 1906]
bodyguard	1	[1476]
manhattan	1	[936]
weekend	1	[1643]
almost	1	[99]
usual	1	[1792]
1998	6	[145, 485, 1323, 1445, 1889, 1953]
nightmare	2	[1682, 1936]
conan	1	[405]
blandings	1	[998]
roger	2	[1200, 1951]
dreamers	1	[1528]
heartbreakers	1	[701]
haunted	3	[698, 739, 740]
or	2	[647, 1848]
s	5	[564, 1008, 1224, 1225, 1226]
charlie	1	[1151]
veil	1	[1475]
elliot	1	[231]
foreign	1	[605]
bandit	1	[1320]
allison	1	[705]
2004	12	[147, 385, 443, 586, 730, 803, 933, 1412, 1555, 1564, 1704, 1796]
driver	1	[1413]
exit	1	[563]
hazzard	1	[1529]
max	3	[920, 921, 922]
hardly	1	[327]
beauty	1	[196]
dracula	3	[273, 511, 1328]
somethings	1	[1326]
shop	2	[1749, 1750]
addicted	1	[62]
1964	3	[45, 567, 588]
inglourious	1	[778]
fugitive	1	[748]
furious	2	[12, 1542]
whats	3	[1943, 1944, 1945]
lucien	1	[853]
thing	5	[488, 907, 1419, 1781, 1782]
april	2	[544, 1114]
after	5	[65, 66, 67, 1516, 1841]
ho	2	[300, 816]
hoods	1	[1192]
entrapment	1	[548]
pussycat	1	[572]
lovely	1	[450]
fence	1	[1149]
local	1	[896]
secret	3	[1259, 1744, 1862]
may	2	[1270, 1940]
boiled	1	[684]
nekromantik	1	[1033]
mask	4	[947, 1539, 1660, 1661]
prosecution	1	[1973]
kal	1	[816]
league	2	[34, 926]
interiors	1	[780]
benny	1	[214]
kind	2	[389, 829]
1947	1	[1128]
ordinary	1	[1082]
around	2	[147, 1749]
irma	2	[783, 784]
cadavra	1	[1642]
pizza	1	[1022]
kelly	2	[1032, 1763]
gotta	1	[1326]
harts	1	[695]
hate	2	[2, 48]
britain	1	[192]
adaptation	1	[60]
alone	2	[728, 729]
monster	4	[282, 983, 1094, 1746]
beethovens	2	[200, 201]
seattle	1	[1316]
hook	1	[734]
superman	3	[1386, 1387, 1389]
kate	1	[821]
out	5	[30, 269, 1084, 1085, 1086]
lampoons	1	[1028]
alabama	1	[1397]
61	1	[17]
duck	2	[519, 520]
steve	1	[1628]
also	1	[680]
war	2	[695, 1928]
grease	2	[669, 670]
waterboy	1	[1798]
return	3	[1123, 1729, 1730]
las	2	[870, 1917]
daleks	1	[510]
ropes	1	[68]
soup	1	[519]
raoul	1	[531]
twist	1	[1066]
sting	1	[1760]
office	1	[1062]
v	3	[711, 712, 1526]
army	1	[146]
mom	1	[499]
death	12	[38, 298, 453, 454, 455, 456, 534, 840, 910, 941, 1009, 1629]
fog	1	[738]
anywhere	1	[142]
sholay	1	[1296]
creature	1	[420]
lancer	1	[1635]
secrets	2	[689, 1261]
footloose	1	[599]
pinchcliffe	1	[1116]
soul	1	[1333]
factory	2	[1554, 1961]
stage	1	[1353]
jester	1	[1508]
success	2	[1399, 1959]
schneemann	1	[465]
mummy	3	[1674, 1675, 1676]
rain	2	[1144, 1157]
those	2	[765, 1829]
their	2	[34, 1829]
naa	1	[816]
labyrinth	1	[852]
spinal	1	[1826]
way	3	[332, 655, 762]
enough	2	[547, 1812]
firm	1	[1546]
dwarfs	1	[1322]
grams	1	[8]
ghostbusters	2	[643, 644]
rebel	1	[1170]
sabbath	1	[236]
mulholland	1	[1007]
people	5	[342, 437, 958, 1082, 1221]
actress	1	[969]
test	1	[1150]
say	1	[498]
congo	1	[408]
slickers	1	[380]
insider	1	[1607]
swati	1	[1394]
dancer	1	[434]
20	2	[7, 1547]
point	1	[1123]
1933	2	[519, 833]
greatest	1	[1584]
act	1	[1310]
skeleton	1	[1642]
disaster	1	[595]
word	2	[498, 1906]
madness	1	[771]
sensibility	1	[1264]
1987	2	[938, 1926]
passport	1	[1096]
darby	1	[437]
sunday	1	[140]
wonderful	1	[790]
mas	1	[237]
cherry	1	[367]
lavender	1	[1625]
can	3	[344, 704, 1984]
vertigo	1	[1912]
tora	1	[1866]
running	1	[1306]
bourgeoisie	1	[1524]
seabiscuit	1	[1256]
1941	2	[1539, 1811]
like	1	[885]
island	3	[429, 910, 1609]
youth	1	[1395]
scoundrels	1	[484]
peking	1	[16]
betty	1	[1056]
transporter	1	[1787]
goodfellas	1	[664]
eagles	1	[1808]
hunters	1	[769]
luke	1	[412]
green	2	[672, 1335]
von	1	[1469]
behind	2	[205, 1539]
millennium	2	[968, 969]
jersey	1	[803]
killer	1	[1616]
9	1	[566]
spaceballs	1	[1338]
elf	1	[540]
shoot	1	[1823]
but	3	[142, 1046, 1050]
champ	1	[1496]
driving	1	[515]
bride	5	[281, 282, 575, 576, 1713]
waynes	1	[1932]
mad	3	[920, 921, 922]
dames	1	[433]
suburban	1	[1376]
fargo	1	[571]
cauldron	1	[1470]
hes	1	[717]
bob	1	[800]
rushmore	1	[1219]
rear	1	[1169]
true	2	[1882, 1883]
muriels	1	[1010]
practical	1	[1130]
blimp	1	[1629]
five	2	[398, 591]
troopers	1	[1361]
chicks	1	[1949]
grifters	1	[1585]
victoria	1	[1914]
years	1	[1457]
working	1	[1977]
air	3	[72, 73, 404]
sings	1	[854]
hangmen	1	[680]
cutthroat	1	[429]
train	3	[1217, 1372, 1581]
mnemonic	1	[808]
series	2	[1054, 1480]
hooper	1	[735]
2005	3	[834, 1609, 1928]
eden	2	[528, 533]
arabian	1	[1891]
10	2	[0, 2]
ator	1	[153]
zombies	1	[1604]
century	1	[1887]
louise	1	[1818]
court	1	[1508]
wargames	1	[1927]
anna	1	[133]
liberty	2	[365, 1651]
restoration	1	[1178]
harvey	1	[697]
alive	1	[91]
rhine	1	[1929]
fabulous	1	[1538]
adventures	7	[63, 1428, 1429, 1430, 1431, 1432, 1434]
pumping	1	[1141]
1935	2	[331, 1605]
topsy	1	[1865]
exhale	1	[1922]
rib	1	[59]
helsing	1	[1908]
scene	1	[239]
mirrormask	1	[974]
one	13	[73, 330, 789, 1071, 1072, 1073, 1074, 1075, 1076, 1464, 1690, 1768, 1805]
tail	1	[116]
head	4	[289, 699, 700, 769]
fall	3	[873, 1304, 1540]
ten	2	[1774, 1802]
ziegfeld	1	[1583]
rotten	1	[484]
caveman	1	[350]
italiano	1	[932]
existenz	1	[562]
starsky	1	[1362]
duct	1	[521]
about	5	[2, 54, 55, 92, 1820]
total	1	[1868]
zhivago	1	[490]
vampyr	1	[1907]
cat	3	[234, 341, 342]
eyed	1	[1071]
chill	1	[1458]
something	2	[1325, 1820]
swiss	1	[1403]
cradle	2	[418, 419]
barrels	1	[897]
roman	2	[1201, 1540]
pie	1	[663]
frighteners	1	[1557]
66	1	[302]
harms	1	[762]
iron	3	[785, 1141, 1608]
viva	3	[1550, 1917, 1918]
never	1	[1858]
indecent	1	[774]
hitchhikers	1	[1592]
picture	1	[1621]
meet	4	[53, 953, 954, 957]
gates	1	[546]
thomas	1	[1828]
minute	1	[1036]
shadow	2	[1276, 1277]
lola	1	[1215]
mighty	2	[39, 1668]
drunks	1	[1143]
back	6	[164, 165, 166, 398, 497, 800]
hamlet	1	[679]
rescuers	2	[1727, 1728]
officer	1	[120]
song	4	[46, 1330, 1735, 1757]
brotherhood	1	[298]
express	3	[454, 967, 1285]
1969	3	[500, 1863, 1882]
blew	1	[732]
rosso	1	[1126]
ned	1	[1032]
getting	1	[641]
aboard	1	[454]
abominable	1	[1425]
foot	1	[154]
far	1	[21]
wild	9	[1213, 1325, 1805, 1806, 1954, 1955, 1956, 1957, 1958]
sorcerer	1	[1332]
loves	2	[912, 1948]
impromptu	1	[760]
unbreakable	1	[1899]
purple	1	[1144]
salvador	1	[1232]
steamboy	1	[1364]
butterfly	1	[917]
marys	1	[1456]
god	3	[70, 371, 382]
believe	1	[992]
morant	1	[277]
8	2	[18, 158]
gosford	1	[665]
7	1	[1192]
baker	1	[1538]
blackboard	1	[238]
1950	3	[294, 376, 575]
instinct	1	[182]
am	3	[103, 747, 748]
terminal	1	[1775]
metropolis	1	[966]
magic	3	[924, 1130, 1828]
mermaid	1	[1634]
2006	2	[338, 456]
underworld	1	[1902]
smile	1	[981]
cake	1	[868]
evil	4	[558, 559, 1536, 1869]
1989	7	[102, 185, 650, 712, 1187, 1616, 1634]
deer	1	[1519]
lonely	2	[766, 1046]
batman	6	[184, 185, 186, 187, 188, 189]
notre	1	[1598]
revenge	2	[129, 1179]
lappartement	1	[845]
proof	1	[1149]
hilary	1	[723]
at	11	[16, 40, 41, 170, 278, 334, 546, 863, 1208, 1382, 1958]
shock	1	[1295]
resurrection	1	[88]
manon	1	[939]
advocate	1	[471]
paradine	1	[1694]
corruptor	1	[1506]
childhood	1	[791]
parent	1	[1696]
braindead	1	[272]
josie	1	[810]
york	6	[553, 633, 714, 837, 1036, 1266]
alex	1	[756]
54	1	[15]
decision	1	[459]
americas	1	[114]
fat	3	[225, 573, 1013]
valiant	1	[1906]
higher	1	[722]
terminator	1	[1776]
lights	2	[379, 623]
destry	1	[469]
phoenix	1	[692]
demolition	1	[464]
tate	1	[892]
iris	1	[782]
railroad	1	[1828]
voyager	1	[1053]
1983	1	[1245]
kisses	1	[1368]
suspects	1	[1792]
care	2	[432, 1494]
lemora	1	[874]
john	2	[805, 806]
patton	1	[1099]
1973	3	[1191, 1314, 1803]
harold	1	[688]
identity	1	[1478]
lucia	1	[1273]
lunch	1	[1024]
sweethearts	1	[114]
machuca	1	[918]
liar	2	[225, 880]
awakenings	1	[157]
stuff	1	[1731]
upon	3	[1068, 1069, 1070]
rocky	3	[1196, 1197, 1199]
whos	2	[900, 901]
blues	3	[256, 854, 977]
n	1	[1195]
discreet	1	[1524]
when	3	[1946, 1947, 1948]
awake	1	[1953]
nuns	1	[1055]
knights	2	[33, 1891]
jacket	1	[627]
sundance	1	[314]
enchanted	1	[544]
con	1	[404]
my	8	[655, 1012, 1013, 1015, 1016, 1017, 1018, 1019]
deeply	1	[1884]
starman	1	[1360]
paradise	2	[1371, 1880]
happen	1	[1945]
delicatessen	1	[462]
score	1	[1739]
returns	3	[188, 1389, 1676]
oclock	1	[1886]
empire	3	[542, 543, 1540]
scooby	1	[1252]
parallax	1	[1695]
edward	1	[535]
vanishing	1	[1794]
bug	1	[1644]
50	1	[154]
daisy	1	[515]
donovans	1	[496]
romance	2	[1840, 1883]
weeks	1	[1894]
soldier	1	[1323]
catwoman	1	[349]
cody	1	[69]
searching	1	[1257]
road	4	[1187, 1188, 1732, 1836]
captain	2	[331, 1312]
sweet	5	[1395, 1396, 1397, 1398, 1399]
dollars	2	[28, 600]
book	3	[1212, 1613, 1614]
channels	1	[1404]
sleepy	1	[1317]
window	2	[1169, 1259]
theres	1	[1820]
w	1	[1225]
goldeneye	1	[656]
african	1	[1436]
misty	1	[1120]
stranger	2	[911, 1371]
major	1	[926]
aim	1	[71]
sleepers	1	[1315]
official	1	[1687]
goodnight	1	[1638]
double	3	[26, 502, 1526]
inferno	1	[1785]
switch	1	[43]
rugrats	1	[1213]
tape	2	[521, 1411]
forgotten	1	[1555]
eagle	2	[785, 1673]
bunny	1	[1486]
peach	1	[797]
spoil	1	[1959]
that	7	[96, 97, 345, 1292, 1418, 1419, 1945]
name	1	[1018]
carlitos	1	[332]
star	1	[591]
oranges	1	[1843]
problem	1	[1138]
kings	1	[1833]
cristo	1	[1507]
room	4	[258, 944, 1090, 1208]
madame	1	[923]
dam	1	[980]
austin	1	[156]
snaps	1	[646]
chicken	1	[370]
too	2	[21, 901]
wizard	2	[1809, 1810]
murder	1	[1009]
wet	2	[1226, 1938]
swingers	1	[1402]
yards	2	[1802, 1814]
divine	1	[486]
simple	1	[246]
shrek	2	[1301, 1302]
riddick	1	[1498]
monsters	3	[950, 984, 985]
forever	3	[187, 472, 521]
dictator	1	[1577]
quiz	1	[1147]
madonna	1	[224]
bogus	1	[230]
ulees	1	[1898]
jones	2	[776, 1854]
son	2	[1328, 1571]
desire	1	[1966]
grit	1	[1882]
1974	3	[1328, 1559, 1768]
gilbert	1	[1943]
arrowsmith	1	[148]
get	1	[640]
diamonds	1	[472]
dance	1	[347]
circus	2	[377, 1499]
incredibles	1	[1603]
morocco	1	[990]
cellini	1	[1435]
lie	1	[103]
pearl	1	[1101]
victory	1	[286]
angry	1	[1438]
alexandra	1	[1038]
third	3	[389, 1302, 1783]
baron	1	[1428]
willy	2	[617, 1961]
mambo	1	[932]
jungle	6	[238, 812, 1212, 1444, 1613, 1614]
scent	1	[1249]
cabin	2	[316, 317]
psycho	1	[112]
bulworth	1	[311]
salt	1	[1231]
mercies	1	[1415]
incredibly	1	[1604]
character	1	[358]
sleeper	1	[1314]
bears	3	[171, 1447, 1494]
celtic	1	[353]
dusk	1	[625]
thelma	1	[1818]
silent	5	[800, 1216, 1304, 1305, 1306]
mike	1	[885]
yearling	1	[1816]
titanic	1	[1846]
wees	1	[1102]
jack	3	[232, 793, 820]
55	1	[16]
dangerfield	1	[1210]
zissou	1	[1628]
stolen	1	[1368]
parade	3	[529, 1463, 1645]
deal	1	[224]
africa	1	[1085]
micheles	1	[1206]
romeo	3	[1203, 1204, 1205]
missing	1	[975]
heavy	2	[707, 708]
wedding	6	[113, 1010, 1012, 1013, 1799, 1800]
duddy	1	[1441]
benjamin	1	[1137]
edtv	1	[526]
wolves	1	[435]
nger	1	[500]
amores	1	[115]
harbor	1	[1101]
thornberrys	1	[1806]
spartacus	1	[1339]
given	1	[140]
almighty	1	[299]
divorce	1	[487]
aristocats	1	[1443]
places	1	[1872]
orange	1	[1081]
did	2	[750, 754]
volcano	2	[804, 1919]
tall	3	[1771, 1772, 1925]
wonka	1	[1961]
zone	1	[1518]
buellers	1	[578]
van	1	[1908]
magnolias	1	[1365]
check	1	[242]
flying	1	[1829]
mona	1	[981]
bright	2	[285, 286]
women	4	[509, 894, 943, 1942]
leaving	1	[870]
tillies	1	[1840]
kumar	1	[688]
reloaded	1	[1664]
backdraft	1	[167]
aladdin	2	[78, 79]
burger	1	[659]
ninotchka	1	[1040]
80	1	[147]
tract	1	[1416]
holly	1	[1487]
seven	6	[1268, 1269, 1270, 1271, 1322, 1650]
shaft	2	[1278, 1279]
rat	1	[1164]
1986	4	[393, 939, 1325, 1669]
1958	2	[511, 1551]
fidelity	1	[718]
replacements	1	[1726]
elephant	2	[539, 1531]
sudden	1	[1377]
yodha	1	[1981]
alien	3	[87, 88, 89]
cooler	1	[1505]
high	8	[718, 719, 720, 721, 1181, 1195, 1206, 1886]
lets	1	[879]
citizen	1	[378]
mulan	1	[1006]
meaning	1	[988]
james	1	[797]
kazaam	1	[822]
bullets	1	[308]
valance	1	[1651]
forbidden	2	[603, 604]
sword	1	[1767]
rumble	1	[1214]
mans	1	[1043]
bram	1	[273]
america	5	[72, 106, 401, 761, 1068]
bengal	1	[1635]
detective	1	[1579]
blob	1	[1473]
verdict	1	[1795]
evolution	1	[560]
allows	1	[96]
favorite	1	[1016]
mobsters	1	[978]
candles	1	[1311]
b	3	[351, 1008, 1224]
romy	1	[1206]
begins	1	[186]
commissar	1	[403]
1979	4	[687, 1363, 1601, 1841]
mario	1	[1385]
day	14	[30, 170, 432, 444, 445, 475, 578, 674, 775, 856, 1075, 1423, 1516, 1517]
sands	1	[1234]
pope	1	[1709]
butterfield	1	[158]
6th	1	[1423]
bubble	1	[301]
girl	7	[638, 724, 803, 1017, 1073, 1564, 1977]
year	3	[863, 1016, 1815]
bros	1	[1385]
scarlet	1	[1246]
nothing	1	[1050]
starting	1	[1363]
troy	1	[1881]
pelham	1	[1768]
across	1	[1429]
nanook	1	[1025]
off	3	[216, 565, 578]
hal	1	[1282]
whales	1	[1801]
t	6	[509, 527, 564, 1225, 1772, 1991]
raise	1	[1158]
1942	3	[342, 1770, 1848]
pather	1	[1097]
elizabeth	2	[541, 1716]
me	12	[289, 323, 344, 839, 909, 954, 1120, 1200, 1299, 1358, 1821, 1984]
red	5	[1158, 1171, 1438, 1464, 1725]
nobodys	1	[1045]
rider	3	[530, 1088, 1939]
hellraiser	1	[710]
calendar	1	[321]
summer	5	[750, 754, 1379, 1380, 1938]
bells	1	[1456]
lives	4	[1409, 1457, 1635, 1716]
box	4	[1011, 1089, 1480, 1677]
paulie	1	[1100]
theatre	1	[1817]
lantern	1	[1158]
hunted	1	[1599]
girls	3	[195, 321, 1893]
claudine	1	[384]
arc	1	[1698]
cousin	1	[417]
quiet	1	[1721]
be	2	[1568, 1848]
order	1	[692]
over	2	[308, 1363]
short	2	[1297, 1298]
ship	1	[1294]
rouge	2	[995, 996]
brew	1	[1370]
maggie	1	[1649]
recall	1	[1868]
bites	1	[1168]
patient	1	[1533]
1955	1	[1366]
alphaville	1	[101]
lock	1	[897]
rio	2	[1185, 1418]
sex	2	[1273, 1746]
perfect	2	[1075, 1104]
must	3	[1204, 1568, 1709]
seventh	1	[1745]
shrinking	1	[1602]
lumumba	1	[914]
disguise	1	[1662]
drugstore	1	[518]
past	1	[1086]
scarface	2	[1244, 1245]
arthur	2	[150, 831]
lady	4	[854, 855, 856, 881]
apostle	1	[1440]
again	3	[469, 654, 828]
banzai	1	[1429]
guys	1	[676]
sin	2	[1083, 1752]
monte	1	[1507]
gallipoli	1	[631]
conquers	1	[1235]
raiders	1	[1156]
inc	1	[985]
heart	4	[127, 749, 1046, 1958]
dukes	1	[1529]
anthony	1	[136]
frances	1	[611]
extremely	1	[119]
survival	1	[1390]
number	1	[1054]
journey	2	[230, 811]
negotiator	1	[1679]
fischer	1	[1257]
cheaper	1	[366]
deep	2	[460, 1216]
hire	1	[1591]
fleece	1	[1844]
vep	1	[783]
metal	1	[627]
sunrise	1	[1382]
gorgeous	1	[516]
alexander	1	[570]
strawberries	1	[1954]
fool	1	[1045]
arizona	1	[1159]
without	2	[1170, 1971]
1972	1	[1710]
horizon	1	[903]
lust	1	[915]
dilwale	1	[479]
belly	1	[210]
ghost	3	[642, 1509, 1563]
teenage	1	[407]
mob	1	[1625]
than	1	[1371]
1951	2	[84, 1148]
doppelg	1	[500]
savior	1	[1241]
tick	1	[1999]
neverland	1	[582]
president	2	[456, 1437]
mouth	1	[771]
squarepants	1	[1758]
bird	1	[1395]
creepshow	1	[421]
smoking	1	[897]
cuckoo	1	[1759]
horses	1	[1823]
boy	6	[162, 301, 316, 573, 658, 1857]
mannequin	1	[938]
hollands	1	[1002]
fast	2	[12, 1542]
cable	1	[1491]
good	9	[151, 658, 659, 660, 661, 662, 1570, 1571, 1572]
assurance	1	[1510]
sally	1	[1947]
massacre	2	[1778, 1779]
matrix	3	[1663, 1664, 1665]
money	2	[1408, 1501]
food	1	[1333]
iii	3	[166, 814, 1567]
daylight	1	[446]
hauser	1	[1534]
aliens	1	[90]
branded	1	[274]
collateral	1	[397]
sommersby	1	[1327]
badlands	1	[174]
dick	1	[474]
breaker	1	[277]
malice	1	[57]
pulp	1	[1140]
force	2	[73, 628]
tomorrow	5	[20, 215, 1312, 1516, 1858]
it	7	[151, 288, 765, 787, 788, 789, 1944]
minsara	1	[973]
e	5	[71, 527, 851, 1005, 1845]
flight	1	[1549]
moon	7	[49, 467, 588, 934, 1091, 1773, 1975]
rudyard	1	[1212]
ivans	1	[791]
reunion	1	[1206]
habit	1	[356]
johnson	2	[801, 809]
comes	1	[716]
machinist	1	[1647]
suspect	1	[1391]
martians	1	[1235]
courage	1	[416]
omega	1	[1688]
vengeance	1	[478]
porco	1	[1126]
three	7	[35, 1076, 1768, 1831, 1832, 1833, 1834]
henry	3	[711, 712, 1715]
reality	1	[1168]
petes	1	[1110]
hospital	1	[1595]
santa	4	[172, 1235, 1737, 1738]
diaries	2	[1672, 1714]
rogue	1	[1735]
13	2	[4, 143]
na	1	[929]
run	7	[326, 370, 1055, 1215, 1216, 1408, 1493]
village	1	[1796]
wimbledon	1	[1962]
easy	2	[530, 958]
modern	1	[979]
heaven	8	[94, 96, 447, 704, 705, 838, 869, 1692]
louis	1	[954]
strangelove	1	[508]
gate	1	[1684]
stella	1	[1366]
walk	1	[51]
house	8	[227, 738, 739, 740, 998, 1187, 1461, 1597]
karate	1	[1615]
tom	1	[1854]
destiny	2	[454, 1001]
baghdad	1	[895]
pale	1	[1088]
wonderland	2	[84, 85]
advertisement	1	[6]
jurassic	2	[813, 814]
contact	1	[411]
drive	1	[1007]
lethal	3	[876, 877, 878]
affairs	1	[1435]
giant	2	[797, 1608]
1948	3	[679, 1066, 1725]
gold	4	[98, 919, 1569, 1898]
castle	2	[688, 698]
guide	1	[1592]
gang	2	[748, 1763]
stock	1	[897]
texas	3	[1093, 1778, 1779]
delilah	1	[1233]
emperor	1	[1618]
outlaw	1	[1693]
hudson	1	[993]
gloria	1	[649]
eternity	1	[626]
pan	2	[1107, 1108]
sister	1	[1310]
1960	1	[1058]
passion	3	[1095, 1698, 1699]
story	14	[24, 25, 1487, 1612, 1687, 1706, 1761, 1762, 1763, 1764, 1765, 1853, 1870, 1871]
are	1	[472]
ladyhawke	1	[857]
terrorist	1	[1777]
blacksmith	1	[239]
tangled	1	[1410]
1932	1	[1244]
godfather	2	[1566, 1567]
mississippi	1	[976]
patriot	1	[1700]
1980	4	[152, 624, 649, 1137]
gay	1	[1560]
bhai	1	[1008]
justice	2	[126, 1084]
1936	1	[292]
pelle	1	[1103]
london	1	[117]
uhf	1	[1896]
grande	1	[849]
boiler	1	[258]
ali	1	[80]
became	1	[1604]
buffalo	1	[302]
dog	1	[1920]
intelligence	1	[32]
color	1	[1501]
supremacy	1	[1479]
rides	1	[469]
blade	2	[240, 241]
shaun	1	[1290]
eight	2	[536, 685]
on	21	[4, 224, 288, 334, 730, 739, 740, 910, 933, 934, 993, 1055, 1067, 1226, 1372, 1484, 1584, 1750, 1929, 1946, 1984]
before	3	[204, 459, 1682]
broomsticks	1	[198]
1967	1	[1613]
goodbye	1	[663]
crossfire	1	[424]
saturday	1	[1237]
kant	1	[1469]
libeled	1	[881]
ryans	1	[1222]
balls	1	[676]
connection	1	[1556]
rob	1	[1189]
reds	1	[1173]
babettes	1	[161]
1965	1	[439]
called	1	[27]
python	1	[1145]
beautiful	3	[195, 884, 1449]
main	1	[1750]
monty	3	[987, 988, 1558]
periscope	1	[503]
rings	1	[1640]
planner	1	[1799]
drowning	1	[517]
independence	1	[775]
in	49	[45, 63, 84, 85, 117, 118, 147, 156, 160, 229, 434, 522, 584, 588, 598, 657, 714, 756, 761, 762, 763, 765, 766, 767, 769, 770, 771, 772, 904, 905, 954, 960, 961, 992, 1068, 1069, 1070, 1133, 1270, 1280, 1316, 1430, 1550, 1597, 1601, 1653, 1829, 1880, 1975]
tides	1	[1712]
knows	1	[705]
heat	2	[257, 702]
mind	2	[406, 554]
world	8	[147, 413, 438, 1312, 1782, 1812, 1904, 1932]
incredible	1	[1602]
crusade	1	[776]
pretty	1	[1133]
palace	1	[1950]
jaws	2	[798, 799]
norma	1	[1047]
mon	1	[980]
1992	4	[78, 1061, 1249, 1476]
gun	2	[675, 1860]
stalag	1	[1355]
doo	1	[1252]
scots	1	[946]
his	3	[724, 998, 1851]
2nd	1	[200]
runaway	1	[1217]
sonatine	1	[1329]
adele	1	[1761]
anne	1	[134]
lion	2	[1632, 1633]
bandits	2	[180, 1842]
informer	1	[1605]
musical	1	[325]
ran	1	[1161]
mexican	1	[1667]
of	167	[28, 34, 38, 42, 52, 57, 70, 79, 98, 134, 146, 154, 175, 191, 192, 210, 213, 263, 281, 282, 289, 292, 298, 356, 360, 371, 381, 382, 389, 406, 407, 442, 443, 445, 447, 448, 456, 528, 543, 554, 575, 576, 579, 633, 689, 690, 692, 694, 700, 738, 769, 770, 771, 772, 781, 811, 836, 837, 838, 840, 859, 867, 873, 940, 946, 964, 987, 988, 1025, 1061, 1085, 1086, 1098, 1114, 1123, 1136, 1156, 1174, 1180, 1231, 1234, 1249, 1251, 1276, 1277, 1290, 1294, 1312, 1328, 1330, 1331, 1374, 1380, 1390, 1395, 1399, 1424, 1428, 1429, 1430, 1431, 1432, 1434, 1435, 1441, 1456, 1457, 1467, 1469, 1490, 1498, 1500, 1501, 1507, 1524, 1526, 1529, 1534, 1540, 1549, 1598, 1606, 1629, 1630, 1631, 1635, 1640, 1642, 1658, 1659, 1660, 1661, 1662, 1692, 1698, 1699, 1703, 1704, 1711, 1712, 1715, 1716, 1730, 1744, 1748, 1752, 1757, 1761, 1762, 1763, 1764, 1768, 1770, 1773, 1789, 1793, 1797, 1801, 1808, 1810, 1815, 1817, 1832, 1869, 1904, 1928, 1966]
marnie	1	[942]
tiffanys	1	[278]
hawk	2	[235, 1741]
siege	1	[1901]
30	1	[4]
old	1	[763]
young	6	[284, 1987, 1989, 1990, 1991, 1992]
ride	2	[1181, 1182]
confessions	2	[406, 407]
million	2	[7, 1547]
arrow	2	[294, 295]
delinquents	1	[1521]
sexmission	1	[1274]
beast	5	[196, 210, 1275, 1453, 1454]
st	4	[954, 1352, 1456, 1575]
cocoon	1	[395]
emile	1	[1630]
munna	1	[1008]
rless	1	[1991]
8th	1	[1429]
waterworld	1	[1930]
party	1	[1094]
revolutions	1	[1665]
rooms	1	[608]
bubba	1	[300]
truth	1	[1446]
guy	2	[1491, 1771]
risky	1	[1186]
1988	5	[81, 372, 1427, 1453, 1794]
dragons	2	[525, 1549]
carter	2	[640, 805]
they	4	[1821, 1822, 1823, 1824]
clementine	1	[1015]
blood	6	[245, 246, 247, 331, 691, 1817]
semi	1	[1263]
hundred	2	[1073, 1074]
shark	1	[1289]
ring	1	[1184]
51st	1	[1422]
bamba	1	[848]
petticoat	1	[1080]
rudy	1	[1211]
battle	2	[191, 192]
chicago	3	[368, 369, 763]
dime	1	[398]
count	2	[1507, 1984]
varrick	1	[361]
alfredo	1	[289]
orient	1	[454]
eve	1	[92]
tonight	1	[909]
paris	3	[52, 118, 1093]
blow	1	[249]
garden	1	[634]
accused	1	[1427]
egg	1	[128]
attack	1	[154]
lacombe	1	[853]
angel	1	[127]
bull	1	[306]
washington	1	[1003]
plaid	1	[451]
sixteen	1	[1311]
dances	1	[435]
public	1	[1718]
possessed	1	[1128]
amarcord	1	[105]
aquatic	1	[1628]
dumbo	1	[523]
jazz	1	[97]
romancing	1	[1202]
first	4	[586, 587, 588, 1547]
dulhania	1	[479]
gets	1	[151]
enemy	3	[205, 546, 1718]
french	2	[619, 1556]
caligari	1	[1490]
12	1	[3]
paper	1	[1091]
princess	2	[1713, 1714]
excalibur	1	[561]
lamp	1	[1474]
blazing	1	[244]
edge	1	[1530]
where	2	[751, 1057]
tombstone	1	[1855]
convenience	1	[334]
laws	2	[867, 1601]
charade	1	[359]
thirteen	1	[1825]
long	4	[898, 910, 1638, 1639]
nation	2	[87, 1467]
perdition	1	[1188]
and	75	[37, 38, 48, 53, 79, 98, 120, 126, 133, 137, 196, 198, 260, 314, 398, 409, 437, 449, 454, 507, 510, 570, 573, 676, 689, 690, 691, 692, 693, 694, 723, 737, 738, 745, 776, 797, 800, 810, 828, 829, 855, 897, 910, 950, 1004, 1038, 1061, 1073, 1074, 1192, 1205, 1206, 1233, 1264, 1273, 1312, 1320, 1322, 1408, 1431, 1449, 1454, 1542, 1563, 1572, 1604, 1629, 1716, 1720, 1767, 1828, 1834, 1843, 1844, 1992]
ballroom	1	[1375]
darlings	1	[891]
shrunk	1	[733]
robocop	1	[1193]
heavyweights	1	[709]
dune	1	[524]
future	4	[164, 165, 166, 285]
flash	1	[592]
bedknobs	1	[198]
panchali	1	[1097]
selena	1	[1262]
manderlay	1	[935]
pirate	1	[1472]
madly	1	[1884]
raising	2	[1159, 1160]
bobby	1	[1257]
kolberg	1	[842]
jackie	2	[723, 794]
1952	2	[888, 996]
tears	2	[992, 1469]
schmidt	1	[55]
kiranam	1	[1394]
illusion	1	[849]
greek	2	[1013, 1996]
h	1	[1761]
2000	10	[256, 296, 367, 377, 455, 657, 912, 1279, 1700, 1873]
sun	2	[522, 543]
english	3	[807, 1533, 1893]
bucks	1	[1888]
agreement	1	[636]
demented	1	[351]
pork	1	[663]
patch	1	[42]
them	1	[1819]
pool	1	[1401]
teahouse	1	[1773]
triplets	1	[1789]
helena	1	[267]
graffiti	1	[109]
killing	1	[1617]
holiday	2	[726, 1201]
fanboys	1	[569]
morning	1	[661]
2	22	[12, 112, 153, 418, 477, 506, 670, 799, 827, 877, 921, 1132, 1218, 1254, 1301, 1346, 1614, 1738, 1779, 1871, 1932, 1995]
1939	2	[1354, 1810]
another	2	[475, 1782]
switching	1	[1404]
mackennas	1	[919]
im	1	[751]
go	5	[94, 651, 688, 879, 1213]
piglets	1	[1115]
kiss	4	[619, 839, 840, 1638]
spotless	1	[554]
silkwood	1	[1307]
mean	1	[952]
beat	1	[193]
kravitz	1	[1441]
look	3	[497, 900, 901]
o	2	[1057, 1224]
right	3	[488, 927, 1731]
samurai	2	[1271, 1622]
take	1	[1408]
el	2	[537, 1732]
clean	1	[385]
titan	1	[1845]
fire	11	[175, 360, 416, 583, 584, 690, 770, 933, 1174, 1352, 1374]
she	1	[1291]
detour	1	[470]
antoine	1	[137]
got	3	[1944, 1985, 1993]
flintstones	1	[1550]
malone	1	[305]
durham	1	[306]
correspondent	1	[605]
airplane	1	[75]
anastasia	2	[122, 123]
pimlico	1	[1096]
cell	1	[1495]
pancho	1	[879]
movie	11	[29, 119, 1115, 1248, 1305, 1367, 1494, 1637, 1758, 1784, 1806]
spring	1	[864]
taste	1	[173]
place	2	[766, 1336]
mr	12	[507, 705, 716, 927, 997, 998, 999, 1000, 1001, 1002, 1003, 1004]
cid	1	[537]
trouble	3	[229, 1790, 1880]
gordons	1	[592]
half	1	[691]
rose	1	[1767]
basic	1	[182]
sixth	2	[1606, 1754]
west	2	[1070, 1957]
state	3	[634, 700, 1422]
alice	4	[81, 82, 84, 85]
remember	2	[46, 51]
always	2	[102, 1547]
worlds	1	[1928]
will	3	[419, 662, 1959]
licence	1	[882]
nyay	1	[431]
carmichael	1	[1935]
the	486	[40, 41, 45, 49, 56, 66, 67, 68, 70, 79, 98, 133, 134, 147, 154, 164, 165, 166, 191, 196, 210, 213, 219, 282, 289, 303, 314, 325, 366, 389, 398, 399, 405, 418, 420, 434, 437, 442, 443, 445, 454, 488, 499, 509, 510, 522, 527, 543, 546, 554, 575, 576, 584, 588, 601, 602, 624, 689, 690, 691, 692, 693, 694, 715, 730, 732, 733, 767, 769, 770, 771, 772, 776, 781, 787, 797, 804, 810, 811, 854, 855, 859, 873, 911, 934, 957, 964, 988, 993, 1025, 1046, 1055, 1067, 1070, 1086, 1103, 1156, 1158, 1181, 1182, 1192, 1202, 1208, 1212, 1231, 1235, 1238, 1277, 1290, 1302, 1312, 1320, 1322, 1330, 1331, 1336, 1367, 1390, 1408, 1420, 1421, 1422, 1423, 1424, 1425, 1426, 1427, 1428, 1429, 1430, 1431, 1432, 1434, 1435, 1436, 1437, 1438, 1439, 1440, 1441, 1442, 1443, 1444, 1445, 1446, 1447, 1448, 1449, 1453, 1454, 1455, 1456, 1457, 1458, 1459, 1460, 1461, 1463, 1464, 1466, 1467, 1468, 1469, 1470, 1471, 1472, 1473, 1474, 1475, 1476, 1477, 1478, 1479, 1480, 1481, 1483, 1484, 1485, 1486, 1487, 1488, 1490, 1491, 1492, 1493, 1494, 1495, 1496, 1497, 1498, 1499, 1500, 1501, 1502, 1504, 1505, 1506, 1507, 1508, 1509, 1510, 1511, 1512, 1515, 1516, 1517, 1518, 1519, 1520, 1521, 1523, 1524, 1525, 1526, 1528, 1529, 1530, 1531, 1532, 1533, 1534, 1536, 1537, 1538, 1539, 1540, 1541, 1542, 1543, 1544, 1546, 1547, 1548, 1549, 1550, 1551, 1553, 1554, 1555, 1556, 1557, 1558, 1559, 1560, 1561, 1563, 1564, 1566, 1567, 1568, 1569, 1570, 1571, 1572, 1574, 1575, 1576, 1577, 1578, 1579, 1580, 1581, 1582, 1583, 1584, 1585, 1587, 1589, 1590, 1591, 1592, 1593, 1594, 1595, 1597, 1598, 1599, 1600, 1601, 1602, 1603, 1604, 1605, 1606, 1607, 1608, 1609, 1610, 1612, 1613, 1614, 1615, 1616, 1617, 1618, 1620, 1621, 1622, 1624, 1625, 1628, 1629, 1630, 1631, 1632, 1633, 1634, 1635, 1636, 1637, 1638, 1639, 1640, 1641, 1642, 1643, 1644, 1645, 1646, 1647, 1649, 1650, 1651, 1653, 1654, 1655, 1657, 1658, 1659, 1660, 1661, 1662, 1663, 1664, 1665, 1666, 1667, 1668, 1669, 1671, 1672, 1673, 1674, 1675, 1676, 1677, 1678, 1679, 1682, 1683, 1684, 1686, 1687, 1688, 1689, 1690, 1691, 1692, 1693, 1694, 1695, 1696, 1698, 1699, 1700, 1702, 1703, 1704, 1705, 1706, 1708, 1709, 1710, 1711, 1712, 1713, 1714, 1715, 1716, 1717, 1718, 1719, 1720, 1721, 1722, 1723, 1725, 1726, 1727, 1728, 1729, 1730, 1731, 1732, 1733, 1735, 1737, 1738, 1739, 1740, 1741, 1742, 1743, 1744, 1745, 1746, 1747, 1748, 1749, 1750, 1752, 1754, 1755, 1756, 1757, 1758, 1759, 1760, 1761, 1762, 1763, 1764, 1765, 1766, 1767, 1768, 1770, 1771, 1772, 1773, 1774, 1775, 1776, 1777, 1778, 1779, 1781, 1782, 1783, 1784, 1785, 1786, 1787, 1788, 1789, 1790, 1791, 1792, 1793, 1794, 1795, 1796, 1797, 1798, 1799, 1800, 1801, 1802, 1803, 1805, 1806, 1807, 1808, 1809, 1810, 1811, 1812, 1813, 1814, 1815, 1816, 1828, 1832, 1843, 1844, 1904, 1906, 1920, 1928, 1929, 1945, 1961, 1969, 1973, 1975, 1996]
kaspar	1	[1534]
adventure	2	[1102, 1710]
creatures	1	[1604]
daylights	1	[1636]
treatment	1	[1295]
august	2	[1773, 1801]
colonel	1	[1629]
1930	2	[990, 1461]
mccabe	1	[951]
voyage	2	[1424, 1639]
hutch	1	[1362]
wide	1	[1953]
spongebob	1	[1758]
wounds	1	[563]
land	4	[414, 769, 859, 1043]
oliver	2	[1065, 1066]
water	1	[1078]
cravens	1	[1936]
kane	1	[378]
great	7	[1577, 1578, 1579, 1580, 1581, 1582, 1583]
matthew	1	[1575]
g	3	[628, 629, 1762]
darkness	3	[146, 1136, 1563]
agent	1	[69]
dont	7	[268, 347, 451, 497, 498, 499, 1823]
u	1	[1897]
smokey	1	[1320]
potter	6	[689, 690, 691, 692, 693, 694]
hollow	1	[1317]
camel	1	[1764]
theory	1	[410]
lake	1	[533]
peter	2	[1107, 1108]
goldmine	1	[1911]
hero	1	[896]
laser	1	[860]
grace	1	[940]
douce	1	[784]
him	1	[1291]
oceans	2	[1058, 1059]
nirvana	1	[1041]
25th	1	[10]
splash	1	[1349]
show	5	[1147, 1299, 1584, 1621, 1791]
soylent	1	[1335]
to	36	[7, 35, 46, 49, 51, 62, 94, 164, 165, 166, 274, 398, 399, 401, 504, 592, 626, 686, 688, 755, 811, 869, 882, 1000, 1003, 1096, 1188, 1369, 1575, 1592, 1732, 1848, 1849, 1851, 1922, 1944]
north	2	[1025, 1048]
you	8	[2, 344, 520, 750, 754, 1419, 1984, 1985]
king	13	[79, 133, 831, 832, 833, 834, 835, 836, 837, 1548, 1632, 1633, 1740]
banks	1	[69]
1997	9	[123, 583, 598, 713, 1079, 1530, 1722, 1846, 1919]
mars	2	[592, 943]
limelight	1	[888]
straw	1	[1373]
side	1	[1692]
philadelphia	2	[1705, 1706]
wrath	1	[70]
cry	1	[268]
stokers	1	[273]
azkaban	1	[694]
attraction	2	[574, 867]
frequency	1	[620]
trainspotting	1	[1875]
escape	2	[553, 1578]
talk	1	[1770]
sand	1	[738]
1956	3	[122, 721, 1774]
1949	1	[1233]
kangaroo	1	[820]
teen	1	[1414]
above	1	[56]
ark	2	[1156, 1220]
tale	2	[33, 1289]
1929	1	[1089]
saintly	1	[43]
encounters	1	[389]
suspicion	1	[1392]
predator	3	[89, 1131, 1132]
eyes	1	[1079]
bonnie	1	[260]
eating	2	[531, 1943]
animal	1	[132]
kid	5	[314, 345, 587, 732, 1615]
travels	1	[1378]
hill	5	[678, 739, 740, 1052, 1625]
snatch	1	[1321]
holocaust	1	[324]
jayenge	1	[479]
professor	1	[1686]
ball	2	[175, 984]
cold	2	[396, 756]
oncle	1	[980]
kramer	1	[843]
prefer	1	[637]
change	1	[356]
vadis	1	[1148]
joan	1	[1698]
streak	2	[254, 1308]
sundowners	1	[1766]
chainsaw	1	[1779]
i	16	[2, 32, 564, 629, 732, 733, 747, 748, 749, 750, 751, 752, 754, 755, 1597, 1762]
family	3	[809, 1403, 1541]
bishops	1	[1468]
kellys	1	[823]
swimming	1	[1401]
rique	1	[980]
trinity	1	[1821]
grave	2	[418, 1281]
1946	1	[1051]
guffman	1	[1921]
waking	1	[1923]
cliffhanger	1	[387]
suit	1	[1653]
making	2	[927, 928]
nicholas	1	[1038]
571	1	[1897]
goes	2	[1000, 1003]
dungeons	1	[525]
hour	3	[10, 1072, 1218]
legend	1	[872]
lines	1	[205]
4	1	[878]
forest	1	[1702]
idiots	1	[1600]
pocahontas	1	[1122]
josey	1	[1693]
allan	1	[98]
poko	1	[1125]
fanny	1	[570]
lucas	1	[913]
wings	3	[1808, 1965, 1966]
jet	1	[851]
letter	2	[35, 908]
bottle	1	[264]
goldmember	1	[156]
sexy	1	[1275]
highway	1	[902]
wife	1	[1468]
below	1	[583]
configuration	1	[1683]
labours	1	[912]
gentleman	1	[120]
conversation	1	[1504]
1985	5	[85, 348, 445, 1396, 1972]
abyss	1	[1426]
jam	1	[1337]
snake	1	[1756]
iwo	1	[1234]
napoleon	1	[1026]
street	5	[193, 224, 1246, 1750, 1926]
laura	1	[866]
3	4	[374, 729, 1248, 1347]
sterile	1	[1759]
defence	1	[1646]
anything	1	[141]
der	1	[465]
knowledge	1	[333]
cats	3	[346, 347, 348]
card	1	[672]
luck	1	[215]
dorado	1	[1732]
mosquito	1	[1671]
conspiracy	1	[410]
topaz	1	[1863]
quest	1	[630]
bravo	1	[1185]
quatermain	1	[98]
taking	2	[1409, 1768]
nemo	1	[581]
werewolf	2	[117, 118]
brother	3	[296, 297, 1057]
tap	1	[1826]
pride	1	[353]
cannonball	2	[326, 1493]
gothika	1	[666]
mexico	1	[1069]
thieves	2	[79, 221]
caged	1	[320]
cobb	1	[392]
spider	3	[1345, 1346, 1347]
frankenstein	3	[53, 281, 612]
escaflowne	1	[551]
welcome	1	[1935]
deeds	2	[999, 1000]
bernadette	1	[1757]
end	1	[1904]
nimh	1	[1744]
school	5	[720, 1195, 1206, 1251, 1379]
feast	2	[161, 245]
willow	1	[1960]
lisa	1	[981]
avengers	1	[1445]
uncle	1	[1900]
invasion	1	[781]
living	4	[928, 1604, 1636, 1815]
colette	1	[137]
hoosiers	1	[736]
door	2	[1353, 1564]
ronin	1	[1207]
carrie	1	[1906]
groundhog	1	[674]
destination	2	[467, 468]
lies	2	[1261, 1941]
mcguire	1	[1637]
1971	2	[1278, 1373]
fifth	1	[1543]
kana	1	[819]
christ	1	[1699]
angus	1	[131]
dame	1	[1598]
hype	1	[1582]
waiting	2	[1921, 1922]
artificial	1	[32]
eater	1	[1719]
coast	1	[1671]
candidate	1	[1655]
mo	1	[977]
dalmatians	2	[1, 1074]
miles	1	[7]
love	13	[48, 62, 906, 907, 908, 909, 910, 911, 1280, 1299, 1644, 1645, 1944]
our	1	[1457]
topkapi	1	[1864]
last	11	[54, 750, 754, 776, 863, 1229, 1618, 1620, 1621, 1622, 1624]
quick	1	[1720]
1995	9	[168, 622, 702, 840, 908, 1122, 1178, 1255, 1720]
clerks	1	[386]
coming	2	[400, 401]
wall	1	[1926]
thin	2	[48, 67]
up	3	[290, 732, 1604]
spirited	1	[1348]
fu	1	[1660]
blowup	1	[250]
crow	1	[1511]
rabbit	3	[1149, 1150, 1951]
stagecoach	1	[1354]
mommas	1	[227]
twenty	1	[1888]
monkeys	1	[3]
happy	1	[683]
drop	1	[516]
life	18	[22, 26, 38, 65, 790, 884, 915, 987, 988, 1151, 1526, 1628, 1629, 1630, 1631, 1715, 1827, 1923]
ending	1	[727]
ladder	1	[795]
ragtime	1	[1155]
hot	1	[1938]
stood	1	[1517]
news	2	[171, 1447]
stargate	1	[1359]
streets	2	[952, 1374]
casino	2	[337, 338]
bande	1	[178]
wages	1	[1797]
trading	1	[1872]
goonies	1	[1574]
monsieur	1	[982]
vampire	2	[303, 1277]
millers	1	[970]
history	1	[110]
1944	2	[711, 866]
naked	1	[1024]
actually	1	[906]
still	2	[754, 1517]
2001	12	[205, 427, 504, 698, 701, 1043, 1083, 1398, 1542, 1593, 1690, 1838]
honors	1	[1968]
jailhouse	1	[796]
gandhi	1	[632]
russian	1	[1220]
saddles	1	[244]
cabinet	1	[1490]
catch	3	[344, 345, 1849]
dead	16	[216, 442, 443, 445, 451, 452, 499, 516, 559, 859, 898, 1290, 1390, 1518, 1536, 1720]
asphalt	1	[1444]
scorpion	1	[1740]
1982	2	[1781, 1786]
die	7	[475, 476, 477, 478, 680, 1204, 1709]
jimmy	1	[398]
tigger	1	[1784]
this	2	[1826, 1827]
kindergarten	1	[830]
ryan	1	[1240]
apprenticeship	1	[1441]
cars	1	[335]
extra	1	[527]
1934	1	[160]
kids	1	[733]
cannibal	2	[324, 325]
wind	2	[39, 1807]
madelon	1	[1752]
sporting	1	[1827]
maria	1	[940]
pee	1	[1102]
butch	1	[314]
apes	2	[191, 213]
yesterday	1	[1077]
noon	2	[719, 1287]
bugsy	1	[305]
many	1	[907]
maverick	1	[949]
stopped	1	[1604]
an	5	[116, 117, 118, 119, 120]
stitch	2	[886, 1367]
cube	1	[428]
stand	1	[1358]
neighbor	1	[1019]
bedford	1	[1455]
matilda	1	[948]
commandments	1	[1774]
wes	1	[1936]
cuts	1	[1298]
boulevard	1	[1383]
hardest	1	[1547]
being	1	[208]
exorcist	1	[1537]
were	2	[1824, 1933]
next	1	[1564]
sullivans	1	[1378]
jolson	1	[1612]
valley	1	[1793]
wood	1	[532]
quo	1	[1148]
ray	1	[1166]
bat	1	[183]
stalingrad	1	[1356]
south	1	[1330]
ance	1	[1226]
campobello	1	[1382]
legged	1	[536]
vanilla	1	[1909]
chain	2	[748, 1778]
dragonslayer	1	[513]
inn	2	[726, 1606]
poseidon	1	[1710]
georgy	1	[638]
curie	1	[923]
honey	3	[731, 732, 733]
bedroom	1	[767]
beneath	3	[213, 787, 1941]
sense	2	[1264, 1754]
happiness	1	[1606]
indemnity	1	[502]
legends	1	[873]
was	1	[1946]
mortal	1	[991]
1962	2	[328, 1655]
operation	1	[1080]
only	1	[1077]
platoon	1	[1119]
adverse	1	[136]
whisperer	1	[1594]
encounter	1	[283]
helen	1	[1160]
tramp	1	[855]
windtalkers	1	[1964]
tron	1	[1879]
hannibal	1	[681]
tracy	1	[474]
each	1	[1851]
charlies	1	[362]
dangerously	1	[1815]
1914	1	[1840]
coquette	1	[415]
wear	1	[451]
buffy	1	[303]
china	2	[229, 1497]
meteor	1	[965]
modesty	1	[1018]
kiplings	1	[1212]
cruel	1	[426]
paddle	1	[1971]
buckaroo	1	[1429]
trilogy	1	[1442]
schindlers	1	[1250]
kanavu	1	[973]
gwangi	1	[1793]
football	1	[1554]
bye	1	[660]
snatchers	1	[781]
town	3	[270, 1000, 1770]
cecil	1	[351]
duel	1	[522]
saw	2	[1242, 1778]
bloodsport	1	[248]
whale	1	[1939]
jordan	1	[716]
s1m0ne	1	[1223]
petrified	1	[1702]
what	5	[750, 754, 1940, 1941, 1942]
hindenburg	1	[1590]
trap	1	[1696]
clyde	1	[260]
magnolia	1	[925]
new	7	[553, 633, 714, 837, 1036, 1532, 1936]
dimension	1	[1429]
mal	1	[929]
boxing	1	[267]
ikiru	1	[759]
who	4	[510, 1604, 1651, 1951]
mary	3	[945, 946, 1820]
nicky	1	[893]
21	2	[8, 183]
glory	4	[266, 650, 737, 1098]
armageddon	1	[145]
once	3	[1068, 1069, 1070]
cop	4	[217, 218, 414, 830]
dororo	1	[501]
marienbad	1	[863]
desert	1	[1331]
samson	1	[1233]
dreams	3	[579, 1396, 1940]
play	4	[372, 374, 607, 1120]
father	3	[575, 576, 1946]
lilo	1	[886]
christmas	2	[24, 1682]
becomes	1	[453]
final	2	[591, 1544]
weeds	1	[596]
according	1	[1575]
hearts	2	[829, 836]
darling	2	[439, 1015]
ronique	1	[1526]
3000	1	[997]
prix	2	[668, 1116]
between	1	[48]
pleasantville	1	[1121]
want	2	[755, 1942]
crimson	2	[1509, 1510]
part	5	[165, 166, 178, 1566, 1567]
sleep	1	[1448]
thou	1	[1057]
lenin	1	[660]
tintin	2	[1843, 1844]
jafar	1	[1730]
egypt	1	[1711]
galaxy	2	[630, 1592]
victor	1	[1914]
adam	1	[431]
tep	1	[300]
greed	1	[671]
needs	1	[943]
came	1	[787]
pythons	2	[987, 988]
tremors	1	[1877]
expendable	1	[1824]
vagabond	1	[1905]
brief	1	[283]
sunshine	1	[554]
give	1	[1326]
jacks	1	[1071]
straight	2	[1369, 1765]
divorcee	2	[1525, 1560]
chamber	1	[689]
des	1	[939]
prime	1	[1135]
whole	1	[1802]
crackers	1	[132]
sangamam	1	[1227]
littles	1	[715]
kalifornia	1	[817]
robin	5	[189, 1190, 1191, 1192, 1434]
beautician	1	[1454]
1963	3	[359, 1587, 1723]
carla	1	[409]
kombat	1	[991]
darko	1	[495]
builds	1	[998]
beverly	2	[217, 218]
met	1	[1947]
witness	2	[1972, 1973]
chameli	1	[354]
ogill	1	[437]
deadly	1	[839]
we	1	[1933]
godzilla	3	[653, 654, 835]
marvins	1	[944]
johnny	2	[807, 808]
under	3	[416, 1728, 1901]
nosferatu	1	[1049]
bulletproof	1	[307]
mrs	2	[951, 1004]
come	5	[398, 399, 715, 861, 1940]
moulin	2	[995, 996]
games	1	[603]
elmo	1	[1430]
runner	1	[241]
home	9	[400, 597, 728, 729, 730, 861, 1397, 1639, 1935]
finding	2	[581, 582]
dean	1	[398]
company	1	[1065]
intentions	1	[426]
gremlins	1	[673]
music	2	[1011, 1677]
sources	1	[939]
tell	1	[499]
devil	1	[1182]
deceit	1	[454]
late	1	[864]
jacobs	1	[795]
ridicule	1	[1183]
virtuosity	1	[1916]
shane	1	[1284]
friday	4	[622, 623, 624, 724]
bound	2	[265, 266]
learning	1	[722]
pink	1	[1133]
repo	1	[1175]
dogma	1	[493]
fortune	1	[1180]
barry	1	[181]
strange	2	[1370, 1604]
powers	1	[156]
azam	1	[1005]
fisher	1	[1548]
scissorhands	1	[535]
east	1	[528]
broadway	3	[292, 308, 1485]
blondes	1	[637]
f	1	[564]
rush	3	[598, 1218, 1569]
seconds	1	[657]
guns	2	[1989, 1990]
casshern	1	[339]
not	3	[992, 1812, 1848]
villa	1	[879]
weapon	3	[876, 877, 878]
zapata	1	[1918]
deliverance	1	[463]
oz	1	[1810]
bicycle	1	[221]
basterds	1	[778]
testament	1	[1417]
annie	1	[765]
mystery	1	[1021]
childs	2	[372, 374]
incubus	1	[773]
american	10	[109, 110, 112, 113, 116, 117, 118, 1323, 1437, 1938]
mixed	1	[1604]
husbands	1	[745]
gilmore	1	[683]
1978	4	[400, 704, 924, 1640]
disturbance	1	[494]
raids	1	[654]
dogs	4	[94, 346, 1177, 1373]
layer	1	[868]
sons	1	[1331]
fear	3	[328, 1377, 1797]
men	9	[451, 588, 960, 961, 1021, 1061, 1073, 1829, 1834]
glenda	1	[647]
ones	2	[765, 1520]
best	2	[1012, 1457]
fortress	1	[1589]
magnificent	2	[1650, 1829]
trip	2	[49, 592]
atlantic	1	[152]
sirens	1	[1309]
royale	1	[338]
turvy	1	[1865]
bridge	3	[21, 1004, 1484]
producers	1	[1717]
dragonheart	1	[512]
navigators	1	[1678]
buck	1	[1900]
menace	1	[962]
cinderella	2	[25, 376]
county	1	[1081]
iv	1	[1199]
list	1	[1250]
beyond	2	[219, 922]
eraser	1	[550]
defiant	1	[1520]
hardcore	1	[687]
fly	4	[597, 1384, 1551, 1553]
viii	1	[1715]
notorious	1	[1051]
bourne	2	[1478, 1479]
sam	2	[747, 1380]
pussycats	1	[810]
doubt	1	[1276]
1990	4	[82, 474, 642, 1179]
robot	1	[752]
midnight	1	[967]
thunderdome	1	[922]
child	1	[1138]
planet	5	[191, 213, 604, 1438, 1876]
omen	1	[1689]
super	2	[1384, 1385]
versus	1	[804]
four	1	[608]
intervention	1	[486]
lord	1	[1640]
city	7	[98, 152, 379, 380, 381, 382, 1500]
dirty	6	[130, 481, 482, 484, 485, 1523]
horse	1	[1594]
1928	1	[1807]
doctor	2	[489, 490]
dream	1	[998]
circuit	1	[1297]
no	2	[1043, 1123]
just	1	[815]
wales	1	[1693]
things	2	[2, 1956]
taxi	2	[1412, 1413]
robots	1	[1194]
laugh	1	[1620]
q	1	[806]
awful	1	[1446]
lassie	1	[861]
weeping	1	[1764]
boondock	1	[1477]
haunting	1	[1587]
7th	1	[1424]
ginger	1	[646]
shes	2	[717, 1292]
1900	1	[5]
bus	1	[312]
newsies	1	[1037]
minority	1	[972]
confused	1	[449]
bring	2	[288, 289]
case	1	[1694]
towering	1	[1785]
photo	1	[1072]
pollock	1	[1124]
poets	1	[452]
totoro	1	[1019]
flyer	1	[1153]
cassidy	1	[314]
desk	1	[466]
fearless	1	[577]
private	4	[1137, 1240, 1715, 1716]
dawn	6	[442, 443, 459, 625, 1171, 1998]
jekyll	1	[507]
1968	2	[1205, 1717]
bombay	1	[259]
tomcats	1	[1856]
saagara	1	[1227]
tadpole	1	[1407]
freddy	1	[616]
ed	1	[532]
clause	2	[1737, 1738]
famous	1	[99]
vacation	2	[809, 1028]
hyde	1	[507]
lesser	1	[371]
1994	3	[894, 1045, 1342]
baby	4	[162, 163, 290, 1834]
zero	1	[1391]
terror	1	[1416]
days	7	[16, 134, 147, 447, 448, 1270, 1832]
1926	1	[1561]
hit	1	[1460]
carnal	1	[333]
done	1	[1291]
nixon	1	[1042]
chariots	1	[360]
tender	1	[1415]
medallion	1	[1666]
twentieth	1	[1887]
lagoon	1	[420]
matter	1	[38]
cellular	1	[352]
ferris	1	[578]
tiger	1	[1238]
goblet	1	[690]
slayer	1	[303]
her	2	[453, 869]
huckabees	1	[749]
live	4	[755, 895, 1597, 1822]
watch	1	[1929]
blue	10	[42, 251, 252, 253, 254, 438, 1104, 1474, 1475, 1843]
jerry	1	[802]
1922	1	[1190]
eye	1	[348]
thunderbirds	1	[1837]
teds	1	[230]
commando	2	[402, 1376]
dragon	1	[1110]
wolf	2	[1414, 1811]
screamers	1	[1255]
crystal	1	[1515]
bitter	1	[1469]
clockwise	1	[388]
earth	7	[7, 504, 811, 1231, 1517, 1570, 1584]
spartan	1	[1340]
babe	1	[159]
verdoux	1	[982]
petra	1	[1469]
full	3	[627, 940, 1558]
sayonara	1	[1243]
burbs	1	[1488]
1957	2	[1521, 1973]
brian	1	[987]
le	1	[479]
hard	6	[476, 477, 478, 684, 685, 686]
1993	4	[91, 577, 1356, 1546]
parents	1	[957]
